愛,アイ,いとしい,love; affection; favourite
圧,アツ エン オウ,おす へす おさえる,pressure; push; overwhelm; oppress; dominate
暗,アン,くらい,darkness; disappear; shade; informal; grow dark; be blinded
位,イ,くらい ぐらい,rank; grade; throne; crown; about; some
依,イ エ,よる,reliant; depend on; consequently; therefore; due to
偉,イ,えらい,admirable; greatness; remarkable; conceited; famous; excellent
囲,イ,かこむ かこう かこい,surround; besiege; store; paling; enclosure; encircle; preserve; keep
委,イ,ゆだねる,committee; entrust to; leave to; devote; discard
易,エキ イ,やさしい やすい,easy; fortune-telling; ready to; simple; divination
移,イ,うつる うつす,shift; move; change; drift; catch (cold fire); pass into
胃,イ,,stomach; paunch; crop; craw
衣,イ エ,ころも きぬ,garment; clothes; dressing
違,イ,ちがう ちがい ちがえる たがう たがえる,difference; differ
域,イキ,,range; region; limits; stage; level
育,イク,そだつ そだち そだてる はぐくむ,bring up; grow up; raise; rear
印,イン,しるし しるす,stamp; seal; mark; imprint; symbol; emblem; trademark; evidence; souvenir; India
因,イン,よる ちなむ,cause; factor; be associated with; depend on; be limited to
引,イン,ひく ひき ひき- ひける,pull; tug; jerk; admit; install; quote; refer to
宇,ウ,,eaves; roof; house; heaven
羽,ウ,は わ はね,feathers; counter for birds rabbits
雲,ウン,くも,cloud
営,エイ,いとなむ いとなみ,occupation; camp; perform; build; conduct (business)
栄,エイ ヨウ,さかえる はえ はえる え,flourish; prosperity; honor; glory; splendor
永,エイ,ながい,eternity; long; lengthy
泳,エイ,およぐ,swim
鋭,エイ,するどい,pointed; sharpness; edge; weapon; sharp; violent
液,エキ,,fluid; liquid; juice; sap; secretion
越,エツ オツ,こす こえる,surpass; cross over; move to; exceed; Vietnam
園,エン,その,park; garden; yard; farm
延,エン,のびる のべる のべ のばす,prolong; stretching
演,エン,,performance; act; play; render; stage
煙,エン,けむる けむり けむい,smoke
遠,エン オン,とおい,distant; far
塩,エン,しお,salt
汚,オ,けがす けがれる けがらわしい よごす よごれる きたない,dirty; pollute; disgrace; rape; defile
央,オウ,,center; middle
奥,オウ オク,おくまる くま,heart; interior
押,オウ,おす おし- おっ- おさえる おさえる,push; stop; check; subdue; attach; seize; weight; shove; press; seal; do in spite of
横,オウ,よこ,sideways; side; horizontal; width; woof
欧,オウ,うたう はく,Europe
王,オウ,,king; rule; magnate
黄,コウ オウ,き こ-,yellow
億,オク,,hundred million; 10**8
温,オン,あたたか あたたかい あたたまる あたためる ぬく,warm
化,カ ケ,ばける ばかす ふける けする,change; take the form of; influence; enchant; delude; -ization
加,カ,くわえる くわわる,add; addition; increase; join; include; Canada
可,カ コク,,can; passable; mustnt; should not; do not
科,カ,,department; course; section
果,カ,はたす はたす はてる はて,fruit; reward; carry out; achieve; complete; end; finish; succeed
河,カ,かわ,river
荷,カ,に,baggage; shoulder-pole load; bear (a burden); shoulder (a gun); load; cargo; freight
菓,カ,,candy; cakes; fruit
課,カ,,chapter; lesson; section; department; division; counter for chapters (of a book)
貨,カ,,freight; goods; property
過,カ,すぎる すごす あやまつ あやまち,overdo; exceed; go beyond; error
介,カイ,,jammed in; shellfish; mediate; concern oneself with
解,カイ ゲ,とく とかす とける ほどく ほどける わかる さとる,unravel; notes; key; explanation; understanding; untie; undo; solve; answer; cancel; absolve; explain; minute
回,カイ エ,まわる まわす まわし- もとおる かえる,-times; round; game; revolve; counter for occurrences
快,カイ,こころよい,cheerful; pleasant; agreeable; comfortable
改,カイ,あらためる あらたまる,reformation; change; modify; mend; renew; examine; inspect; search
械,カイ,かせ,contraption; fetter; machine; instrument
灰,カイ,はい,ashes; puckery juice; cremate
皆,カイ,みな みんな,all; everything
絵,カイ エ,,picture; drawing; painting; sketch
階,カイ,きざはし,storey; stair; counter for storeys of a building
貝,バイ,かい,shellfish
害,ガイ,,harm; injury
各,カク,おのおの,each; every; either
格,カク コウ キャク ゴウ,,status; rank; capacity; character; case (law grammar)
確,カク コウ,たしか たしかめる,assurance; firm; tight; hard; solid; confirm; clear; evident
覚,カク,おぼえる さます さめる さとる,memorize; learn; remember; awake; sober up
角,カク,かど つの,angle; corner; square
革,カク,かわ,leather; become serious; skin; hide; pelt
額,ガク,ひたい,forehead; tablet; plaque; framed picture; sum; amount; volume
掛,カイ ケイ,かける かけ かかる かかり かかり,hang; suspend; depend; arrive at; tax; pour
割,カツ,わる わり わり われる さく,proportion; comparatively; divide; cut; separate; split
活,カツ,いきる いかす いける,lively; resuscitation; being helped; living
乾,カン ケン,かわく かわかす ほす ひる いぬい,drought; dry; dessicate; drink up; heaven; emperor
寒,カン,さむい,cold
刊,カン,,publish; carve; engrave
巻,カン ケン,まく まき まき,scroll; volume; book; part; roll up; wind up; tie; coil; counter for texts (on book scrolls)
完,カン,,perfect; completion; end
官,カン,,bureaucrat; the government
干,カン,ほす ほし- ひる,dry; parch
患,カン,わずらう,afflicted; disease; suffer from; be ill
感,カン,,emotion; feeling; sensation
慣,カン,なれる ならす,accustomed; get used to; become experienced
換,カン,かえる かわる,interchange; period; charge; change?
汗,カン,あせ,sweat; perspire
甘,カン,あまい あまえる あまやかす うまい,sweet; coax; pamper; be content; sugary
管,カン,くだ,pipe; tube; wind instrument; drunken talk
簡,カン,,simplicity; brevity
缶,カン,かま,tin can; container
観,カン,みる しめす,outlook; look; appearance; condition; view
関,カン,せき かかわる からくり かんぬき,connection; barrier; gateway; involve; concerning
丸,ガン,まる まるめる まるい,round; full; month; perfection; -ship; pills; make round; roll up; curl up; seduce; explain away
含,ガン,ふくむ ふくめる,include; bear in mind; understand; cherish
岸,ガン,きし,beach
岩,ガン,いわ,boulder; rock; cliff
顔,ガン,かお,face; expression
願,ガン,ねがう,petition; request; vow; wish; hope
危,キ,あぶない あやうい あやぶむ,dangerous; fear; uneasy
喜,キ,よろこぶ よろこばす,rejoice; take pleasure in
寄,キ,よる よせる,draw near; stop in; bring near; gather; collect; send; forward
希,キ ケ,まれ,hope; beg; request; pray; beseech; Greece; dilute (acid); rare; few; phenomenal
幾,キ,いく- いくつ いくら,how many; how much; how far; how long
机,キ,つくえ,desk; table
期,キ ゴ,,period; time; date; term
機,キ,はた,mechanism; opportunity; occasion; machine; airplane
祈,キ,いのる,pray; wish
季,キ,,seasons
規,キ,,standard; measure
記,キ,しるす,scribe; account; narrative
技,ギ,わざ,skill; art; craft; ability; feat; performance; vocation; arts
疑,ギ,うたがう,doubt; distrust; be suspicious; question
議,ギ,,deliberation; consultation; debate; consideration
喫,キツ,,consume; eat; drink; smoke; receive (a blow)
詰,キツ キチ,つめる つめ つまる つむ,packed; close; pressed; reprove; rebuke; blame
客,キャク カク,,guest; visitor; customer; client
逆,ギャク ゲキ,さか さかさ さからう,inverted; reverse; opposite; wicked
久,キュウ ク,ひさしい,long time; old story
吸,キュウ,すう,suck; imbibe; inhale; sip
求,キュウ グ,もとめる,request; want; wish for; require; demand
球,キュウ,たま,ball; sphere
給,キュウ,たまう たもう,salary; wage; gift; allow; grant; bestow on
旧,キュウ,ふるい もと,old times; old things; old friend; former; ex-
居,キョ コ,いる おる,reside; to be; exist; live with
巨,キョ,,gigantic; big; large; great
許,キョ,ゆるす もと,permit; approve
漁,ギョ リョウ,あさる,fishing; fishery
供,キョウ ク クウ グ,そなえる とも,submit; offer; present; serve (meal); accompany
競,キョウ ケイ,きそう せる,emulate; compete with; bid; sell at auction; bout; contest; race
共,キョウ,とも ともに,together; both; neither; all; and; alike; with
協,キョウ,,co-; cooperation
叫,キョウ,さけぶ,shout; exclaim; yell
境,キョウ ケイ,さかい,boundary; border; region
恐,キョウ,おそれる おそる おそろしい こわい こわがる,fear; dread; awe
挟,キョウ ショウ,はさむ はさまる わきばさむ さしはさむ,pinch; between
橋,キョウ,はし,bridge
況,キョウ,まして いわんや おもむき,condition; situation
胸,キョウ,むね むな-,bosom; breast; chest; heart; feelings
局,キョク,つぼね,bureau; board; office; affair; conclusion; court lady; lady-in-waiting; her apartment
曲,キョク,まがる まげる,bend; music; melody; composition; pleasure; injustice; fault; curve; crooked; perverse; lean
極,キョク ゴク,きわめる きわまる きわまり きわみ きめる きまる,poles; settlement; conclusion; end; highest rank; electric poles; very; extremely; most; highly; 10**48
玉,ギョク,たま たま-,jewel; ball
勤,キン ゴン,つとめる つとまる いそしむ,diligence; become employed; serve
均,キン,ならす,level; average
禁,キン,,prohibition; ban; forbid
区,ク オウ コウ,,ward; district
苦,ク,くるしい くるしむ くるしめる にがい にがる,suffering; trial; worry; hardship; feel bitter; scowl
具,グ,そなえる つぶさに,tool; utensil; means; possess; ingredients; counter for armor suits sets of furniture
偶,グウ,たま,accidentally; even number; couple; man & wife; same kind
隅,グウ,すみ,corner; nook
掘,クツ,ほる,dig; delve; excavate
靴,カ,くつ,shoes
君,クン,きみ,old boy; name-suffix
訓,クン キン,おしえる よむ くんずる,instruction; Japanese character reading; explanation; read
群,グン,むれる むれ むら むらがる,flock; group; crowd; herd; swarm; cluster
軍,グン,,army; force; troops; war; battle
係,ケイ,かかる かかり かかわる,person in charge; connection; duty; concern oneself
傾,ケイ,かたむく かたむける かたぶく かたげる かしげる,lean; incline; tilt; trend; wane; sink; ruin; bias
型,ケイ,かた,mould; type; model
形,ケイ ギョウ,かた かたち なり,shape; form; style
敬,ケイ キョウ,うやまう,awe; respect; honor; revere
景,ケイ,,scenery; view
経,ケイ キョウ,へる たつ たていと はかる のり,sutra; longitude; pass thru; expire; warp
警,ケイ,いましめる,admonish; commandment
軽,ケイ,かるい かろやか かろんじる,lightly; trifling; unimportant
芸,ゲイ ウン,うえる のり わざ,technique; art; craft; performance; acting; trick; stunt
迎,ゲイ,むかえる,welcome; meet; greet
劇,ゲキ,,drama; play
欠,ケツ ケン,かける かく あくび,lack; gap; fail
決,ケツ,きめる きまる さく,decide; fix; agree upon; appoint
血,ケツ,ち,blood
件,ケン,くだん,affair; case; matter; item
券,ケン,,ticket
権,ケン ゴン,おもり かり はかる,authority; power; rights
県,ケン,かける,prefecture
肩,ケン,かた,shoulder
賢,ケン,かしこい,intelligent; wise; wisdom; cleverness
軒,ケン,のき,flats; counter for houses; eaves
険,ケン,けわしい,precipitous; inaccessible place; impregnable position; steep place; sharp eyes
原,ゲン,はら,meadow; original; primitive; field; plain; prairie; tundra; wilderness
減,ゲン,へる へらす,dwindle; decrease; reduce; decline; curtail; get hungry
現,ゲン,あらわれる あらわす,present; existing; actual
限,ゲン,かぎる かぎり,limit; restrict; to best of ability
個,コ カ,,individual; counter for articles and military units
呼,コ,よぶ,call; call out to; invite
固,コ,かためる かたまる かたまり かたい,harden; set; clot; curdle
庫,コ ク,くら,warehouse; storehouse
戸,コ,と,door
枯,コ,かれる からす,wither; die; dry up; be seasoned
湖,コ,みずうみ,lake
雇,コ,やとう,employ; hire
互,ゴ,たがい かたみに,mutually; reciprocally; together
御,ギョ ゴ,おん- お- み-,honorable; manipulate; govern
誤,ゴ,あやまる,mistake; err; do wrong; mislead
交,コウ,まじわる まじえる まじる まじる まざる まぜる かわす かわす こもごも,mingle; mixing; association; coming & going
候,コウ,そうろう,climate; season; weather
光,コウ,ひかる ひかり,ray; light
効,コウ,きく ききめ ならう,merit; efficacy; efficiency; benefit
厚,コウ,あつい あか,thick; heavy; rich; kind; cordial; brazen; shameless
向,コウ,むく むい むける むかう むかい むこう むこう- むこ むかい,yonder; facing; beyond; confront; defy; tend toward; approach
好,コウ,このむ すく よい いい,fond; pleasing; like something
幸,コウ,さいわい さち しあわせ,happiness; blessing; fortune
更,コウ,さら さらに ふける ふかす,grow late; night watch; sit up late; of course
構,コウ,かまえる かまう,posture; build; pretend
港,コウ,みなと,harbor
硬,コウ,かたい,stiff; hard
紅,コウ ク,べに くれない あかい,crimson; deep red
耕,コウ,たがやす,till; plow; cultivate
肯,コウ,がえんじる,agreement; consent; comply with
航,コウ,,navigate; sail; cruise; fly
荒,コウ,あらい あら- あれる あらす すさむ,laid waste; rough; rude; wild
講,コウ,,lecture; club; association
郊,コウ,,outskirts; suburbs; rural area
鉱,コウ,あらがね,mineral; ore
降,コウ ゴ,おりる おろす ふる ふり くだる くだす,descend; precipitate; fall; surrender
香,コウ キョウ,か かおり かおる,incense; smell; perfume
号,ゴウ,さけぶ よびな,nickname; number; item; title; pseudonym; name; call
合,ゴウ ガッ カッ,あう あい あい- あわす あわせる,fit; suit; join; 0.1
刻,コク,きざむ きざみ,engrave; cut fine; chop; hash; mince; time; carving
告,コク,つげる,revelation; tell; inform; announce
腰,ヨウ,こし,loins; hips; waist; low wainscoting
骨,コツ,ほね,skeleton; bone; remains; frame
込,,こむ こみ こめる,crowded; mixture; in bulk; included; (kokuji)
困,コン,こまる,quandary; become distressed; annoyed
婚,コン,,marriage
根,コン,ね,root; radical; head (pimple)
混,コン,まじる まざる まぜる こむ,mix; blend; confuse
差,サ,さす さし,distinction; difference; variation; discrepancy; margin; balance
査,サ,,investigate
砂,サ シャ,すな,sand
座,ザ,すわる,squat; seat; cushion; gathering; sit
再,サイ サ,ふたたび,again; twice; second time
最,サイ シュ,もっとも つま,utmost; most; extreme
妻,サイ,つま,wife; spouse
才,サイ,,genius; years old
採,サイ,とる,pick; take; fetch; take up
歳,サイ セイ,とし とせ よわい,year-end; age; occasion; opportunity
済,サイ セイ,すむ すまない すます すくう なす わたし わたる,finish; come to an end; excusable; need not
祭,サイ,まつる まつり まつり,ritual; offer prayers; celebrate; deify; enshrine; worship
細,サイ,ほそい ほそる こまか こまかい,dainty; get thin; taper; slender; narrow
菜,サイ,な,vegetable; side dish; greens
際,サイ,きわ,occasion; side; edge; verge; dangerous; adventurous; indecent; time; when
在,ザイ,ある,exist; outskirts; suburbs; located in
材,ザイ,,lumber; log; timber; wood; talent
罪,ザイ,つみ,guilt; sin; crime; fault; blame; offense
財,ザイ サイ ゾク,,property; money; wealth; assets
坂,ハン,さか,slope; incline; hill
咲,ショウ,さく,blossom; bloom
昨,サク,,yesterday; previous
冊,サツ サク,ふみ,tome; counter for books; volume
刷,サツ,する はく,printing; print
察,サツ,,guess; presume; surmise; judge; understand
札,サツ,ふだ,tag; paper money; counter for bonds; placard; bid
殺,サツ サイ セツ,ころす そぐ,kill; murder; butcher; slice off; split; diminish; reduce; spoil
雑,ザツ ゾウ,まじえる まじる,miscellaneous
皿,ベイ,さら,dish; a helping; plate
参,サン シン,まいる まい- まじわる みつ,nonplussed; three; going; coming; visiting; visit; be defeated; die; be madly in love
散,サン,ちる ちらす ちらかす ちらかる ばら,scatter; disperse; spend; squander
産,サン,うむ うまれる うぶ- むす,products; bear; give birth; yield; childbirth; native; property
算,サン,そろ,calculate; divining; number; abacus; probability
賛,サン,たすける たたえる,approve; praise; title or inscription on picture; assist; agree with
残,ザン サン,のこる のこす そこなう のこり,remainder; leftover; balance
伺,シ,うかがう,pay respects; visit; ask; inquire; question; implore
刺,シ,さす ささる さし さし とげ,thorn; pierce; stab; prick; sting; calling card
史,シ,,history; chronicle
市,シ,いち,market; city; town
師,シ,,expert; teacher; master; army; war
指,シ,ゆび さす,finger; point to; indicate; put into; play (chess); measure (ruler)
支,シ,ささえる つかえる かう しんよう じゅうまた,branch; support; sustain
枝,シ,えだ,bough; branch; twig; limb
糸,シ,いと,thread
脂,シ,あぶら,fat; grease; tallow; lard; rosin; gum; tar
詞,シ,,part of speech; words; poetry
誌,シ,,document; records
資,シ,,assets; resources; capital; funds; data; be conducive to; contribute to
歯,シ,よわい は よわい よわいする,tooth; cog
似,ジ,にる ひる,becoming; resemble; counterfeit; imitate; suitable
児,ジ ニ ゲイ,こ,newborn babe; child; young of animals
寺,ジ,てら,Buddhist temple
次,ジ シ,つぐ つぎ,next; order; sequence
治,ジ チ,おさめる おさまる なおる なおす,reign; be at peace; calm down; subdue; quell; govt; cure; heal; rule; conserve
示,ジ シ,しめす,show; indicate; point out; express; display
耳,ジ,みみ,ear
辞,ジ,やめる,resign; word; term; expression
式,シキ,,style; ceremony; rite; fn; method; system; form; expr
失,シツ,うしなう うせる,lose; error; fault; disadvantage; loss
湿,シツ シュウ,しめる しめす うるおう うるおす,damp; wet; moist
実,ジツ シツ,み みのる まこと まことに みの みちる,reality; truth
捨,シャ,すてる,discard; throw away; abandon; resign; reject; sacrifice
若,ジャク ニャク ニャ,わかい わか- もしくわ もし もしくは,young; if; perhaps; possibly; low number; immature
弱,ジャク,よわい よわる よわまる よわめる,weak; frail
取,シュ,とる とり とり- とり,take; fetch; take up
守,シュ ス,まもる まもり もり かみ,guard; protect; defend; obey
種,シュ,たね,species; kind; class; variety; seed
酒,シュ,さけ さか-,sake; alcohol
首,シュ,くび,neck
受,ジュ,うける うかる,accept; undergo; answer (phone); take; get; catch; receive
収,シュウ,おさめる おさまる,income; obtain; reap; pay; supply; store
周,シュウ,まわり,circumference; circuit; lap
州,シュウ ス,す,state; province
拾,シュウ ジュウ,ひろう,pick up; gather; find; go on foot; ten
舟,シュウ,ふね ふな-,boat; ship
柔,ジュウ ニュウ,やわらか やわらかい やわ やわら,tender; weakness; gentleness; softness
宿,シュク,やど やどる やどす,inn; lodging; relay station; dwell; lodge; be pregnant; home; dwelling
祝,シュク シュウ,いわう,celebrate; congratulate
術,ジュツ,すべ,art; technique; skill; means; trick; resources; magic
述,ジュツ,のべる,mention; state; speak; relate
準,ジュン,じゅんじる じゅんずる なぞらえる のり ひとしい みずもり,semi-; correspond to; proportionate to; conform; imitate
純,ジュン,,genuine; purity; innocence; net (profit)
順,ジュン,,obey; order; turn; right; docility; occasion
処,ショ,ところ おる,dispose; manage; deal with; sentence; condemn; act; behave; place
初,ショ,はじめ はじめて はつ はつ- うい-,first time; beginning
所,ショ,ところ どころ とこ,place
緒,ショ チョ,お いとぐち,thong; beginning; inception; end; cord; strap
署,ショ,,signature; govt office; police station
諸,ショ,もろ,various; many; several; together
助,ジョ,たすける たすかる すける すけ,help; rescue; assist
除,ジョ ジ,のぞく,exclude; division (x/3); remove; abolish; cancel; except
勝,ショウ,かつ まさる すぐれる かつ,victory; win; prevail; excel
召,ショウ,めす,seduce; call; send for; wear; put on; ride in; buy; eat; drink; catch (cold)
商,ショウ,あきなう,make a deal; selling; dealing in; merchant
将,ショウ ソウ,まさに はた まさ ひきいる もって,leader; commander; general; admiral; or; and again; soon; from now on; just about
床,ショウ,とこ ゆか,bed; floor; padding; tatami
承,ショウ,うけたまわる うける,aquiesce; hear; listen to; be informed; receive
招,ショウ,まねく,beckon; invite; summon; engage
昇,ショウ,のぼる,rise up
消,ショウ,きえる けす,extinguish; blow out; turn off; neutralize; cancel
焼,ショウ,やく やき やき- やける,bake; burning
照,ショウ,てる てらす てれる,illuminate; shine; compare; bashful
省,セイ ショウ,かえりみる はぶく,focus; government ministry; conserve
章,ショウ,,badge; chapter; composition; poem; design
笑,ショウ,わらう えむ,laugh
紹,ショウ,,introduce; inherit; help
象,ショウ ゾウ,かたどる,elephant; pattern after; imitate; image; shape; sign (of the times)
賞,ショウ,ほめる,prize; reward; praise
乗,ジョウ ショウ,のる のせる,ride; power; multiplication; record; counter for vehicles; board; mount; join
城,ジョウ,しろ,castle
常,ジョウ,つね とこ-,usual; ordinary; normal; regular
情,ジョウ セイ,なさけ,feelings; emotion; passion; sympathy; circumstances; facts
状,ジョウ,,status quo; conditions; circumstances; form; appearance
畳,ジョウ チョウ,たたむ たたみ かさなる,tatami mat; counter for tatami mats; fold; shut up; do away with
蒸,ジョウ セイ,むす むれる むらす,steam; heat; sultry; foment; get musty
植,ショク,うえる うわる,plant
職,ショク ソク,,post; employment; work
触,ショク,ふれる さわる さわ,contact; touch; feel; hit; proclaim; announce; conflict
伸,シン,のびる のばす のべる のす,expand; stretch; extend; lengthen; increase
信,シン,,faith; truth; fidelity; trust
寝,シン,ねる ねかす いぬ みたまや やめる,lie down; sleep; rest; bed; remain unsold
森,シン,もり,forest; woods
深,シン,ふかい ふかまる ふかめる み-,deep; heighten; intensify; strengthen
申,シン,もうす もうし- さる,speaketh; have the honor to; ninth sign of Chinese zodiac; sign of the monkey
神,シン ジン,かみ かん- こう-,gods; mind; soul
臣,シン ジン,,retainer; subject
身,シン,み,somebody; person; ones station in life
辛,シン,からい つらい かのと,spicy; bitter; hot; acrid
進,シン,すすむ すすめる,advance; proceed; progress; promote
針,シン,はり,needle; pin; staple; stinger
震,シン,ふるう ふるえる,quake; shake; tremble; quiver; shiver
吹,スイ,ふく,blow; breathe; puff; emit; smoke
数,スウ ス サク ソク シュ,かず かぞえる しばしば せめる わずらわしい,number; strength; fate; law; figures
制,セイ,,system; law; rule
勢,セイ ゼイ,いきおい はずみ,forces; energy; military strength
姓,セイ ショウ,,surname
性,セイ ショウ,さが,sex; gender; nature
成,セイ ジョウ,なる なす,turn into; become; get; grow; elapse; reach
政,セイ ショウ,まつりごと まん,politics; government
星,セイ ショウ,ほし,star; spot; dot; mark
晴,セイ,はれる はれ はれ- はらす,clear up
清,セイ ショウ シン,きよい きよまる きよめる,pure; purify; cleanse; exorcise; Manchu dynasty
精,セイ ショウ シヤウ,,refined; ghost; fairy; energy; vitality; semen; excellence; purity; skill
声,セイ ショウ,こえ こわ-,voice
静,セイ ジョウ,しず- しずか しずまる しずめる,quiet
税,ゼイ,,tax; duty
隻,セキ,,vessels; counter for ships; fish; birds; arrows; one of a pair
席,セキ,むしろ,seat; mat; occasion; place
昔,セキ シャク,むかし,once upon a time; antiquity; old times
石,セキ シャク コク,いし,stone
積,セキ,つむ つもる つもり,volume; product (x*y); acreage; contents; pile up; stack; load; amass
籍,セキ,,enroll; domiciliary register; membership
績,セキ,,exploits; unreeling cocoons
責,セキ,せめる,blame; condemn; censure
跡,セキ,あと,tracks; mark; print; impression
接,セツ ショウ,つぐ,touch; contact; adjoin; piece together
折,セツ,おる おり おり おれる,fold; break; fracture; bend; yield; submit
設,セツ,もうける,establishment; provision; prepare
説,セツ ゼイ,とく,rumor; opinion; theory
雪,セツ,ゆき,snow
絶,ゼツ,たえる たやす たつ,discontinue; beyond; sever; cut off; abstain; interrupt; suppress
占,セン,しめる うらなう,fortune telling; divine; forecast; occupy; hold; have; get; take
専,セン,もっぱら,specialty; exclusive; mainly; solely
戦,セン,いくさ たたかう おののく そよぐ わななく,war; battle; match
泉,セン,いずみ,spring; fountain
浅,セン,あさい,shallow; superficial; frivolous; wretched; shameful
洗,セン,あらう,wash; inquire into; probe
線,セン,すじ,line; track
船,セン,ふね ふな-,ship; boat
選,セン,えらぶ,elect; select; choose; prefer
然,ゼン ネン,しか しかり しかし さ,sort of thing; so; if so; in that case; well
全,ゼン,まったく すべて,whole; entire; all; complete; fulfill
祖,ソ,,ancestor; pioneer; founder
組,ソ,くむ くみ,association; braid; plait; construct; assemble; unite; cooperate; grapple
双,ソウ,ふた たぐい ならぶ ふたつ,pair; set; comparison; counter for pairs
層,ソウ,,stratum; social class; layer; story; floor
想,ソウ ソ,おもう,concept; think; idea; thought
捜,ソウ シュ シュウ,さがす,search; look for; locate
掃,ソウ シュ,はく,sweep; brush
燥,ソウ,はしゃぐ,parch; dry up
争,ソウ,あらそう いかでか,contend; dispute; argue
相,ソウ ショウ,あい-,inter-; mutual; together; each other; minister of state; councillor; aspect; phase; physiognomy
窓,ソウ ス,まど てんまど けむだし,window; pane
総,ソウ,すべて すべて ふさ,general; whole; all; full; total
草,ソウ,くさ くさ-,grass; weeds; herbs; pasture; write; draft
装,ソウ ショウ,よそおう よそおい,attire; dress; pretend; disguise; profess
像,ゾウ,,statue; picture; image; figure; portrait
増,ゾウ,ます まし ふえる ふやす,increase; add; augment; gain; promote
憎,ゾウ,にくむ にくい にくらしい にくしみ,hate; detest
臓,ゾウ,はらわた,entrails; viscera; bowels
蔵,ゾウ ソウ,くら おさめる かくれる,storehouse; hide; own; have; possess
贈,ゾウ ソウ,おくる,presents; send; give to; award to; confer on; presenting something
造,ゾウ,つくる つくり,create; make; structure; physique
側,ソク,かわ がわ そば,side; lean; oppose; regret
則,ソク,のっとる,rule; follow; based on; model after
息,ソク,いき,breath; respiration; son; interest (on money)
束,ソク,たば たばねる つか つかねる,bundle; sheaf; ream; tie in bundles; govern; manage; control
測,ソク,はかる,fathom; plan; scheme; measure
速,ソク,はやい はや- はやめる すみやか,quick; fast
続,ゾク ショク コウ キョウ,つづく つづける つぐない,continue; series; sequel
卒,ソツ シュツ,そっする おえる おわる ついに にわか,graduate; soldier; private; die
存,ソン ゾン,,suppose; be aware of; believe; feel
孫,ソン,まご,grandchild; descendants
尊,ソン,たっとい とうとい たっとぶ とうとぶ,revered; valuable; precious; noble; exalted
損,ソン,そこなう そこなう そこねる,damage; loss; disadvantage; hurt; injure
村,ソン,むら,town; village
他,タ,ほか,other; another; the others
太,タイ タ,ふとい ふとる,plump; thick; big around
打,ダ ダアス,うつ うち- ぶつ,strike; hit; knock; pound; dozen
対,タイ ツイ,あいて こたえる そろい つれあい ならぶ むかう,vis-a-vis; opposite; even; equal; versus; anti-; compare
帯,タイ,おびる おび,sash; belt; obi; zone; region
替,タイ,かえる かえ- かわる,exchange; spare; substitute; per-
袋,タイ ダイ,ふくろ,sack; bag; pouch
退,タイ,しりぞく しりぞける ひく のく のける どく,retreat; withdraw; retire; resign; repel; expel; reject
宅,タク,,home; house; residence; our house; my husband
濯,タク,すすぐ ゆすぐ,laundry; wash; pour on; rinse
達,タツ ダ,,accomplished; reach; arrive; attain
谷,コク,たに きわまる,valley
単,タン,ひとえ,simple; one; single; merely
担,タン,かつぐ になう,shouldering; carry; raise; bear
探,タン,さぐる さがす,grope; search; look for
炭,タン,すみ,charcoal; coal
短,タン,みじかい,short; brevity; fault; defect; weak point
団,ダン トン,かたまり まるい,group; association
断,ダン,たつ ことわる さだめる,severance; decline; refuse; apologize; warn; dismiss; prohibit; decision; judgement; cutting
段,ダン タン,,grade; steps; stairs
談,ダン,,discuss; talk
値,チ,ね あたい,price; cost; value
恥,チ,はじる はじ はじらう はずかしい,shame; dishonor
池,チ,いけ,pond; cistern; pool; reservoir
置,チ,おく,placement; put; set; deposit; leave behind; keep; employ; pawn
遅,チ,おくれる おくらす おそい,slow; late; back; later
築,チク,きずく,fabricate; build; construct
畜,チク,,livestock; domestic fowl and animals
竹,チク,たけ,bamboo
仲,チュウ,なか,go-between; relationship
柱,チュウ,はしら,pillar; post; cylinder; support
虫,チュウ キ,むし,insect; bug; temper
駐,チュウ,,stop-over; reside in; resident
著,チョ チャク,あらわす いちじるしい,renowned; publish; write; remarkable; phenomenal; put on; don; wear; arrival; finish (race); counter for suits of clothing; literary work
貯,チョ,ためる たくわえる,savings; store; lay in; keep; wear mustache
兆,チョウ,きざす きざし,portent; 10**12; trillion; sign; omen; symptoms
庁,チョウ テイ,やくしょ,government office
調,チョウ,しらべる しらべ ととのう ととのえる,tune; tone; meter; key (music); writing style; prepare; exorcise; investigate
超,チョウ,こえる こす,transcend; super-; ultra-
頂,チョウ,いただく いただき,place on the head; receive; top of head; top; summit; peak
直,チョク ジキ ジカ,ただちに なおす なおる なおき すぐ,straightaway; honesty; frankness; fix; repair
沈,チン ジン,しずむ しずめる,sink; be submerged; subside; be depressed; aloes
珍,チン,めずらしい たから,rare; curious; strange
追,ツイ,おう,chase; drive away; follow; pursue; meanwhile
痛,ツウ,いたい いたむ いたましい いためる,pain; hurt; damage; bruise
低,テイ,ひくい ひくめる ひくまる,lower; short; humble
停,テイ,とめる とまる,halt; stopping
定,テイ ジョウ,さだめる さだまる さだか,determine; fix; establish; decide
底,テイ,そこ,bottom; sole; depth; bottom price; base; kind; sort
庭,テイ,にわ,courtyard; garden; yard
程,テイ,ほど,extent; degree; law; formula; distance; limits; amount
泥,デイ ナイ デ ニ,どろ,mud; mire; adhere to; be attached to
滴,テキ,しずく したたる,drip; drop
的,テキ,まと,bulls eye; mark; target; object; adjective ending
適,テキ,かなう,suitable; occasional; rare; qualified; capable
鉄,テツ,くろがね,iron
点,テン,つける つく たてる さす とぼす ともす ぼち,spot; point; mark; speck; decimal point
伝,デン テン,つたわる つたえる つたう つだう つて,transmit; go along; walk along; follow; report; communicate; legend; tradition
殿,デン テン,との,Mr.; hall; mansion; palace; temple; lord
塗,ト,ぬる ぬり まみれる,paint; plaster; daub; smear; coating
徒,ト,いたずら あだ,junior; emptiness; vanity; futility; uselessness; ephemeral thing; gang; set; party; people
渡,ト,わたる わたす,transit; ford; ferry; cross; import; deliver; diameter; migrate
登,トウ ト ドウ ショウ チョウ,のぼる あがる,ascend; climb up
途,ト,,route; way; road
都,ト ツ,みやこ,metropolis; capital
努,ド,つとめる,toil; diligent; as much as possible
怒,ド ヌ,いかる おこる,angry; be offended
倒,トウ,たおれる たおす,overthrow; fall; collapse; drop; break down
党,トウ,なかま むら,party; faction; clique
凍,トウ,こおる こごえる こごる いてる しみる,frozen; congeal; refrigerate
塔,トウ,,pagoda; tower; steeple
島,トウ,しま,island
投,トウ,なげる,throw; discard; abandon; launch into; join; invest in; hurl; give up; sell at a loss
盗,トウ,ぬすむ ぬすみ,steal; rob; pilfer
湯,トウ,ゆ,hot water; bath; hot spring
灯,トウ,ひ ほ- ともしび ともす あかり,lamp; a light; light; counter for lights
当,トウ,あたる あたり あてる あて まさに まさにべし,hit; right; appropriate; himself
等,トウ,ひとしい など,etc.; and so forth; class (1st); quality; equal; similar
筒,トウ,つつ,cylinder; pipe; tube; gun barrel; sleeve
到,トウ,いたる,arrival; proceed; reach; attain; result in
逃,トウ,にげる にがす のがす のがれる,escape; flee; shirk; evade; set free
頭,トウ ズ ト,あたま かしら かぶり,head; counter for large animals
働,ドウ リュク リキ ロク リョク,はたらく,work; (kokuji)
導,ドウ,みちびく,guidance; leading; conduct; usher
童,ドウ,わらべ,juvenile; child
銅,ドウ,あかがね,copper
得,トク,える うる,gain; get; find; earn; acquire; can; may; able to; profit; advantage; benefit
毒,ドク,,poison; virus; venom; germ; harm; injury; spite
突,トツ カ,つく,stab; protruding; thrusting; thrust; pierce; prick
届,カイ,とどける とどく,deliver; reach; arrive; report; notify; forward
曇,ドン,くもる,cloudy weather; cloud up
鈍,ドン,にぶい にぶる にぶ- なまる なまくら,dull; slow; foolish; blunt
内,ナイ ダイ,うち,inside; within; between; among; house; home
軟,ナン,やわらか やわらかい,soft
難,ナン,かたい むずかしい むづかしい むつかしい,difficult; impossible; trouble; accident; defect
乳,ニュウ,ちち ち,milk; breasts
任,ニン,まかせる まかす,responsibility; duty; term; entrust to; appoint
認,ニン,みとめる したためる,acknowledge; witness; discern; recognize; appreciate; believe
猫,ビョウ,ねこ,cat
熱,ネツ,あつい,heat; temperature; fever; mania; passion
念,ネン,,wish; sense; idea; thought; feeling; desire; attention
燃,ネン,もえる もやす もす,burn; blaze; glow
悩,ノウ,なやむ なやます なやましい なやみ,trouble; worry; in pain; distress; illness
濃,ノウ,こい,concentrated; thick; dark; undiluted
能,ノウ,よく,ability; talent; skill; capacity
脳,ノウ ドウ,のうずる,brain; memory
農,ノウ,,agriculture; farmers
波,ハ,なみ,waves; billows; Poland
破,ハ,やぶる やぶれる,rend; rip; tear; break; destroy; defeat; frustrate
馬,バ,うま うま- ま,horse
拝,ハイ,おがむ おろがむ,worship; adore; pray to
敗,ハイ,やぶれる,failure; defeat; reversal
杯,ハイ,さかずき,cupfuls; wine glass; glass; toast
背,ハイ,せ せい そむく そむける,stature; height; back; behind; disobey; defy; go back on; rebel
配,ハイ,くばる,distribute; spouse; exile; rationing
倍,バイ,,double; twice; times; fold
泊,ハク,とまる とめる,overnight; put up at; ride at anchor; 3-day stay
薄,ハク,うすい うす- うすめる うすまる うすらぐ うすら- うすれる すすき,dilute; thin; weak (tea)
爆,バク,はぜる,bomb; burst open; pop; split
麦,バク,むぎ,barley; wheat
箱,ソウ,はこ,box; chest; case; bin; railway car
肌,キ,はだ,texture; skin; body; grain
畑,,はた はたけ,farm; field; garden; ones specialty; (kokuji)
髪,ハツ,かみ,hair of the head
抜,バツ ハツ ハイ,ぬく ぬき ぬける ぬかす ぬかる,slip out; extract; pull out; pilfer; quote; remove; omit
判,ハン バン,わかる,judgement; signature; stamp; seal
反,ハン ホン タン ホ,そる そらす かえす かえる,anti-
板,ハン バン,いた,plank; board; plate; stage
版,ハン,,printing block; printing plate; edition; impression; label
犯,ハン ボン,おかす,crime; sin; offense
般,ハン,,carrier; carry; all
販,ハン,,marketing; sell; trade
晩,バン,,nightfall; night
番,バン,つがい,turn; number in a series
否,ヒ,いな いや,negate; no; noes; refuse; decline; deny
彼,ヒ,かれ かの かの,he; that; the
悲,ヒ,かなしい かなしむ,jail cell; grieve; sad; deplore; regret
比,ヒ,くらべる,compare; race; ratio; Phillipines
疲,ヒ,つかれる つからす,exhausted; tire; weary
皮,ヒ,かわ けがわ,pelt; skin; hide; leather
被,ヒ,こうむる おおう かぶる かぶせる,incur; cover; veil; brood over; shelter; wear; put on; be exposed (film); receiving
費,ヒ,ついやす ついえる,expense; cost; spend; consume; waste
非,ヒ,あらず,un-; mistake; negative; injustice; non-
飛,ヒ,とぶ とばす,fly; skip (pages); scatter
備,ビ,そなえる そなわる つぶさに,equip; provision; preparation
美,ビ ミ,うつくしい,beauty; beautiful
鼻,ビ,はな,nose; snout
匹,ヒツ,ひき,equal; head; counter for small animals; roll of cloth
必,ヒツ,かならず,invariably; certain; inevitable
筆,ヒツ,ふで,writing brush; writing; painting brush; handwriting
氷,ヒョウ,こおり ひ こおる,icicle; ice; hail; freeze; congeal
表,ヒョウ,おもて あらわす あらわれる あらわす,surface; table; chart; diagram
秒,ビョウ,,second (1/60 minute)
貧,ヒン ビン,まずしい,poverty; poor
瓶,ビン,かめ,flower pot; bottle; vial; jar; jug; vat; urn
付,フ,つける つけ つけ- つく つき,adhere; attach; refer to; append
夫,フ フウ ブ,おっと それ,husband; man
婦,フ,,lady; woman; wife; bride
富,フ フウ,とむ とみ,wealth; enrich; abundant
布,フ,ぬの,linen; cloth
府,フ,,borough; urban prefecture; govt office; representative body; storehouse
怖,フ ホ,こわい こわがる おじる おそれる,dreadful; be frightened; fearful
普,フ,あまねく あまねし,universal; wide(ly); generally; Prussia
浮,フ,うく うかれる うかぶ む うかべる,floating; float; rise to surface
符,フ,,token; sign; mark; tally; charm
膚,フ,はだ,skin; body; grain; texture; disposition
負,フ,まける まかす おう,defeat; negative; -; minus; bear; owe; assume a responsibility
武,ブ ム,たけし,warrior; military; chivalry; arms
舞,ブ,まう まい,dance; flit; circle; wheel
部,ブ,,section; bureau; dept; class; copy; part; portion; counter for copies of a newspaper or magazine
封,フウ ホウ,,seal; closing
副,フク,,vice-; duplicate; copy
復,フク,また,restore; return to; revert; resume
幅,フク,はば,hanging scroll; width
福,フク,,blessing; fortune; luck; wealth
腹,フク,はら,abdomen; belly; stomach
複,フク,,duplicate; double; compound; multiple
払,フツ ヒツ ホツ,はらう,pay; clear out; prune; banish; dispose of
沸,フツ,わく わかす,seethe; boil; ferment; uproar; breed
仏,ブツ フツ,ほとけ,Buddha; the dead; France
粉,フン デシメートル,こ こな,flour; powder; dust
兵,ヘイ ヒョウ,つわもの,soldier; private; troops; army; warfare; strategy; tactics
平,ヘイ ビョウ ヒョウ,たいら ひら ひら-,even; flat; peace
並,ヘイ ホウ,なみ ならべる ならぶ ならびに,row; and; besides; as well as; line up; rank with; rival; equal
閉,ヘイ,とじる とざす しめる しまる たてる,closed; shut
米,ベイ マイ メエトル,こめ よね,rice; USA; metre
変,ヘン,かわる かわり かえる,unusual; change; strange
片,ヘン,かた- かた,one-sided; leaf; sheet
編,ヘン,あむ,compilation; knit; plait; braid; twist; editing; completed poem; part of a book
辺,ヘン,あたり ほとり,environs; boundary; border; vicinity
返,ヘン,かえす かえる,return; answer; fade; repay
便,ベン ビン,たより,convenience
捕,ホ,とらえる とらわれる とる とらえる とらわれる つかまえる つかまる,catch; capture
補,ホ,おぎなう,supplement; supply; make good; offset; compensate; assistant; learner
募,ボ,つのる,recruit; campaign; gather (contributions); enlist; grow violent
暮,ボ,くれる くらす,livelihood; make a living; spend time
包,ホウ,つつむ くるむ,wrap; pack up; cover; conceal
報,ホウ,むくいる,report; news; reward; retribution
宝,ホウ,たから,treasure; wealth; valuables
抱,ホウ,だく いだく かかえる,embrace; hug; hold in arms
放,ホウ,はなす はなつ はなれる ほうる,set free; release; fire; shoot; emit; banish; liberate
法,ホウ ハッ ホッ フラン,のり,method; law; rule; principle; model; system
訪,ホウ,おとずれる たずねる とう,call on; visit; look up; offer sympathy
豊,ホウ ブ,ゆたか とよ,bountiful; excellent; rich
亡,ボウ モウ,ない なき- ほろびる ほろぶ ほろぼす,deceased; the late; dying; perish
坊,ボウ ボッ,,boy; priests residence; priest
帽,ボウ モウ,ずきん おおう,cap; headgear
忘,ボウ,わすれる,forget
忙,ボウ モウ,いそがしい せわしい おそれる うれえるさま,busy; occupied; restless
暴,ボウ バク,あばく あばれる,outburst; rave; fret; force; violence; cruelty; outrage
望,ボウ モウ,のぞむ もち,ambition; full moon; hope; desire; aspire to; expect
棒,ボウ,,rod; stick; cane; pole; club; line
貿,ボウ,,trade; exchange
防,ボウ,ふせぐ,ward off; defend; protect; resist
磨,マ,みがく する,grind; polish; scour; improve; brush (teeth)
埋,マイ,うめる うまる うもれる うずめる うずまる いける,bury; be filled up; embedded
枚,マイ バイ,,sheet of...; counter for flat thin objects or sheets
末,マツ バツ,すえ,end; close; tip; powder; posterity
満,マン バン,みちる みつ みたす,full; enough; pride; satisfy
未,ミ ビ,いまだ まだ ひつじ,un-; not yet; hitherto; still; even now; eighth sign of Chinese zodiac; sign of the ram
民,ミン,たみ,people; nation; subjects
眠,ミン,ねむる ねむい,sleep; die; sleepy
務,ム,つとめる,task; duties
夢,ム ボウ,ゆめ ゆめみる くらい,dream; vision; illusion
無,ム ブ,ない,nothingness; none; aint; nothing; nil; not
娘,ジョウ,むすめ こ,daughter; girl
命,メイ ミョウ,いのち,fate; command; decree; destiny; life; appoint
迷,メイ,まよう,astray; be perplexed; in doubt; lost; err; illusion
鳴,メイ,なく なる ならす,chirp; cry; bark; sound; ring; echo; honk
綿,メン,わた,cotton
面,メン ベン,おも おもて つら,mask; face; features; surface
毛,モウ,け,fur; hair; feather; down
戻,レイ,もどす もどる,re-; return; revert; resume; restore; go backwards
門,モン,かど と,gates
役,ヤク エキ,,duty; war; campaign; drafted labor; office; service; role
約,ヤク,,promise; approximately; shrink
薬,ヤク,くすり,medicine; chemical; enamel; gunpowder; benefit
油,ユ ユウ,あぶら,oil; fat
輸,ユ シュ,,transport; send; be inferior
優,ユウ ウ,やさしい すぐれる まさる,tenderness; excel; surpass; actor; superiority; gentleness
勇,ユウ,いさむ,courage; cheer up; be in high spirits; bravery; heroism
由,ユ ユウ ユイ,よし よる,wherefore; a reason
遊,ユウ ユ,あそぶ あそばす,play
郵,ユウ,,mail; stagecoach stop
予,ヨ シャ,あらかじめ,beforehand; previous; myself; I
余,ヨ,あまる あまり あます,too much; myself; surplus; other; remainder
与,ヨ,あたえる あずかる くみする ともに,bestow; participate in; give; award; impart; provide; cause; gift; godsend
預,ヨ,あずける あずかる,deposit; custody; leave with; entrust to
幼,ヨウ,おさない,infancy; childhood
容,ヨウ,いれる,contain; form; looks
様,ヨウ ショウ,さま,Esq.; way; manner; situation; polite suffix
溶,ヨウ,とける とかす とく,melt; dissolve; thaw
葉,ヨウ,は,leaf; plane; lobe; needle; blade; spear; counter for flat things; fragment; piece
要,ヨウ,いる,need; main point; essence; pivot; key to
踊,ヨウ,おどる,jump; dance; leap; skip
陽,ヨウ,ひ,sunshine; yang principle; positive; male; heaven; daytime
欲,ヨク,ほっする ほしい,longing; covetousness; greed; passion; desire; craving
浴,ヨク,あびる あびせる,bathe; be favored with; bask in
翌,ヨク,,the following; next
頼,ライ,たのむ たのもしい たよる,trust; request
絡,ラク,からむ からまる,entwine; coil around; get caught in
落,ラク,おちる おち おとす,fall; drop; come down
乱,ラン ロン,みだれる みだる みだす みだ おさめる わたる,riot; war; disorder; disturb
卵,ラン,たまご,egg; ovum; spawn; roe
利,リ,きく,profit; advantage; benefit
裏,リ,うら,back; amidst; in; reverse; inside; palm; sole; rear; lining; wrong side
陸,リク ロク,おか,land; six
律,リツ リチ レツ,,rhythm; law; regulation; gauge; control
略,リャク,ほぼ おかす おさめる はかりごと はかる はぶく りゃくす りゃくする,abbreviation; omission; outline; shorten; capture; plunder
流,リュウ ル,ながれる ながれ ながす,current; a sink; flow; forfeit
留,リュウ ル,とめる とまる とどめる とどまる るうぶる,detain; fasten; halt; stop
粒,リュウ,つぶ,grains; drop; counter for tiny particles
了,リョウ,,complete; finish
両,リョウ,てる ふたつ,both; old Japanese coin; counter for vehicles; two
涼,リョウ,すずしい すずむ すずやか うすい ひやす まことに,refreshing; nice and cool
療,リョウ,,heal; cure
良,リョウ,よい いい,good; pleasing; skilled
量,リョウ,はかる,quantity; measure; weight; amount; consider; estimate; surmise
領,リョウ,,jurisdiction; dominion; territory; fief; reign
緑,リョク ロク,みどり,green
林,リン,はやし,grove; forest
輪,リン,わ,wheel; ring; circle; link; loop; counter for wheels and flowers
涙,ルイ レイ,なみだ,tears; sympathy
類,ルイ,たぐい,sort; kind; variety; class; genus
令,レイ,,orders; ancient laws; command; decree
例,レイ,たとえる,example; custom; usage; precedent
冷,レイ,つめたい ひえる ひや ひややか ひやす ひやかす さめる さます,cool; cold (beer person); chill
礼,レイ ライ,,salute; bow; ceremony; thanks; remuneration
零,レイ,ぜろ こぼす こぼれる,zero; spill; overflow; nothing; cipher
齢,レイ,よわい とし,age
歴,レキ レッキ,,curriculum; continuation; passage of time
列,レツ レ,,file; row; rank; tier; column
恋,レン,こう こい こいしい,romance; in love; yearn for; miss; darling
練,レン,ねる ねり,practice; gloss; train; drill; polish; refine
連,レン,つらなる つらねる つれる,take along; lead; join; connect; party; gang; clique
路,ロ ル,みち,path; route; road; distance
労,ロウ,ろうする いたわる いたずき ねぎら つかれる ねぎらう,labor; thank for; reward for; toil; trouble
老,ロウ,おいる ふける,old man; old age; grow old
録,ロク,,record
論,ロン,,argument; discourse
和,ワ オ カ,やわらぐ やわらげる なごむ なごやか,harmony; Japanese style; peace; soften; Japan
湾,ワン,いりえ,gulf; bay; inlet
腕,ワン,うで,arm; ability; talent
